"Date ","series ","OPEN ","HIGH ","LOW ","PREV. CLOSE ","ltp ","close ","vwap ","52W H ","52W L ","VOLUME ","VALUE ","No of trades "
"01-Jan-2021","EQ","942.00","955.50","942.00","946.15","950.25","950.50","950.65","955.50","375.25","31,42,822","2,98,77,12,518.10","52,922"
"31-Dec-2020","EQ","939.05","949.85","935.00","940.70","946.40","946.15","942.19","950.00","375.25","34,68,390","3,26,78,89,419.30","63,219"
"30-Dec-2020","EQ","938.00","950.00","931.00","935.90","941.15","940.70","940.88","950.00","375.25","63,82,809","6,00,54,37,042.05","1,29,019"
"29-Dec-2020","EQ","929.00","945.00","925.25","921.80","936.00","935.90","936.61","945.00","375.25","67,60,167","6,33,16,37,870.85","1,21,535"
"28-Dec-2020","EQ","925.00","927.50","913.50","919.35","922.70","921.80","921.16","935.00","375.25","38,84,750","3,57,84,79,998.20","88,769"
"24-Dec-2020","EQ","927.95","928.25","910.70","922.60","917.00","919.35","919.19","935.00","375.25","43,90,561","4,03,57,68,678.40","85,401"
"23-Dec-2020","EQ","920.00","935.00","914.80","913.80","921.90","922.60","925.27","935.00","375.25","1,07,23,068","9,92,17,35,580.65","1,76,400"
"22-Dec-2020","EQ","879.15","919.25","872.00","870.45","917.00","913.80","892.93","919.25","375.25","1,02,51,896","9,15,41,86,077.65","1,96,248"
"21-Dec-2020","EQ","886.65","910.50","850.00","890.65","872.00","870.45","892.43","910.70","375.25","88,75,855","7,92,10,82,596.25","2,01,257"
"18-Dec-2020","EQ","894.75","905.00","886.65","879.35","890.35","890.65","897.36","910.70","375.25","1,15,68,187","10,38,07,82,845.00","1,96,000"
"17-Dec-2020","EQ","887.00","887.00","877.00","885.05","878.00","879.35","882.14","910.70","375.25","48,63,371","4,29,01,69,955.00","1,33,920"
"16-Dec-2020","EQ","886.25","892.00","878.45","886.00","882.00","885.05","883.95","910.70","375.25","43,78,179","3,87,00,92,023.85","1,05,667"
"15-Dec-2020","EQ","874.70","889.00","870.00","873.00","885.10","886.00","883.14","910.70","375.25","75,27,270","6,64,76,42,107.80","1,44,698"
"14-Dec-2020","EQ","866.10","875.65","858.10","862.25","873.70","873.00","866.62","910.70","375.25","51,43,894","4,45,78,09,158.10","1,14,180"
"11-Dec-2020","EQ","871.00","881.80","855.20","866.75","865.15","862.25","867.59","910.70","375.25","56,37,035","4,89,06,08,092.65","1,23,619"
"10-Dec-2020","EQ","870.55","877.80","865.00","870.55","869.50","866.75","869.90","910.70","375.25","46,41,898","4,03,79,96,033.80","98,691"
"09-Dec-2020","EQ","866.10","880.00","864.10","863.80","871.35","870.55","874.48","910.70","375.25","59,52,003","5,20,48,89,086.50","1,22,920"
"08-Dec-2020","EQ","859.00","875.70","856.00","855.30","863.20","863.80","865.60","910.70","375.25","87,22,526","7,55,02,38,411.20","1,90,746"
"07-Dec-2020","EQ","858.00","859.95","850.40","858.50","855.00","855.30","854.22","910.70","375.25","53,14,265","4,53,95,60,113.05","83,690"
"04-Dec-2020","EQ","866.00","867.85","854.45","862.20","858.00","858.50","860.55","1,139.00","375.25","55,77,388","4,79,96,41,241.40","1,47,987"
"03-Dec-2020","EQ","848.50","864.00","843.30","843.15","862.05","862.20","857.58","1,139.00","375.25","96,33,229","8,26,12,41,361.20","1,49,310"
"02-Dec-2020","EQ","836.15","847.45","831.30","834.10","844.00","843.15","839.26","1,139.00","375.25","70,62,229","5,92,70,67,927.40","1,74,376"
"01-Dec-2020","EQ","824.00","835.70","815.10","822.10","835.00","834.10","825.89","1,139.00","375.25","80,78,785","6,67,22,27,499.75","1,70,411"
"27-Nov-2020","EQ","842.00","847.80","814.35","842.05","823.15","822.10","827.29","1,143.40","375.25","1,17,23,771","9,69,89,26,529.75","1,54,427"
"26-Nov-2020","EQ","824.10","845.00","819.60","824.70","841.20","842.05","834.43","1,143.40","375.25","84,14,555","7,02,13,83,073.75","1,38,751"
"25-Nov-2020","EQ","840.50","846.00","822.50","840.50","825.00","824.70","829.08","1,143.40","375.25","56,10,232","4,65,13,24,787.35","1,24,023"
"24-Nov-2020","EQ","843.90","857.40","835.35","839.20","841.00","840.50","847.95","1,143.40","375.25","84,65,615","7,17,84,05,737.30","1,69,850"
"23-Nov-2020","EQ","825.00","842.00","816.25","819.25","838.50","839.20","832.35","1,143.40","375.25","71,16,516","5,92,34,58,911.95","1,39,507"
"20-Nov-2020","EQ","813.95","823.50","804.00","804.55","820.00","819.25","816.68","1,149.70","375.25","74,55,575","6,08,88,10,391.30","1,23,101"
"19-Nov-2020","EQ","815.00","820.45","803.00","814.30","804.60","804.55","811.27","1,149.70","375.25","71,70,339","5,81,71,14,544.55","1,21,823"
"18-Nov-2020","EQ","819.00","819.90","800.25","815.00","814.00","814.30","808.06","1,149.70","375.25","58,16,221","4,69,98,36,405.30","1,32,705"
"17-Nov-2020","EQ","837.95","837.95","814.00","830.50","816.20","815.00","818.56","1,149.70","375.25","59,77,903","4,89,32,92,336.45","1,21,111"
"14-Nov-2020","EQ","834.00","834.00","829.00","828.10","830.50","830.50","831.16","1,159.80","375.25","4,75,390","39,51,26,484.60","16,338"
"13-Nov-2020","EQ","822.90","831.45","818.15","824.70","827.85","828.10","826.38","1,159.80","375.25","39,18,289","3,23,80,10,484.85","67,486"
"12-Nov-2020","EQ","827.15","837.00","822.00","826.05","824.80","824.70","827.32","1,159.80","375.25","46,99,639","3,88,81,03,545.35","1,43,412"
"11-Nov-2020","EQ","813.00","829.00","805.35","809.70","827.00","826.05","816.15","1,159.80","375.25","97,79,484","7,98,15,04,358.40","2,09,931"
"10-Nov-2020","EQ","848.50","848.50","805.75","855.00","812.15","809.70","819.11","1,159.80","375.25","1,03,97,497","8,51,66,93,853.30","2,30,164"
"09-Nov-2020","EQ","866.80","872.80","847.10","850.10","858.95","855.00","856.87","1,159.80","375.25","75,05,062","6,43,08,73,335.15","1,41,970"
"06-Nov-2020","EQ","846.00","855.80","836.40","842.90","854.80","850.10","843.11","1,166.30","375.25","58,71,913","4,95,06,63,909.40","1,13,621"
"05-Nov-2020","EQ","834.00","851.10","830.05","815.15","845.00","842.90","841.02","1,166.30","375.25","89,03,859","7,48,82,98,537.70","1,56,095"
"04-Nov-2020","EQ","812.20","841.75","810.60","814.05","817.95","815.15","824.78","1,166.30","375.25","1,00,77,502","8,31,17,30,455.30","2,06,966"
"03-Nov-2020","EQ","828.00","832.00","812.35","822.40","813.50","814.05","821.95","1,166.30","375.25","70,11,687","5,76,32,48,341.75","1,40,829"
"02-Nov-2020","EQ","841.95","843.85","819.20","841.95","822.15","822.40","825.74","1,166.30","375.25","59,53,172","4,91,57,97,446.60","1,11,715"
"30-Oct-2020","EQ","842.80","859.70","833.00","840.05","844.75","841.95","846.09","1,170.00","375.25","87,27,295","7,38,40,43,618.60","1,34,890"
"29-Oct-2020","EQ","825.00","842.50","818.95","829.60","836.40","840.05","833.08","1,170.00","375.25","66,91,023","5,57,41,54,054.95","1,16,800"
"28-Oct-2020","EQ","852.00","852.00","821.60","847.25","829.90","829.60","833.36","1,170.00","375.25","68,53,043","5,71,10,54,678.00","1,39,980"
"27-Oct-2020","EQ","848.95","857.45","838.70","847.80","850.00","847.25","846.32","1,170.00","375.25","58,07,905","4,91,53,24,316.85","1,09,755"
"26-Oct-2020","EQ","853.00","860.90","842.05","852.45","847.45","847.80","852.83","1,170.00","375.25","66,14,014","5,64,06,36,211.15","1,20,624"
"23-Oct-2020","EQ","871.00","875.45","850.60","866.25","852.50","852.45","860.30","1,170.00","375.25","54,47,502","4,68,64,96,350.10","1,15,601"
"22-Oct-2020","EQ","858.90","878.00","851.55","871.05","866.00","866.25","866.76","1,170.00","375.25","96,07,800","8,32,76,20,040.70","1,68,926"
"21-Oct-2020","EQ","881.00","891.65","860.00","879.65","866.00","871.05","874.89","1,170.00","375.25","1,11,62,084","9,76,56,38,802.00","1,55,501"
"20-Oct-2020","EQ","846.95","886.00","843.60","844.75","881.00","879.65","875.71","1,170.00","375.25","2,15,64,064","18,88,38,32,254.25","2,91,297"
"19-Oct-2020","EQ","839.80","861.70","833.00","827.15","846.95","844.75","848.30","1,170.00","375.25","1,56,71,737","13,29,42,74,079.85","2,58,268"
"16-Oct-2020","EQ","859.00","877.00","820.60","860.00","830.05","827.15","836.13","1,170.00","375.25","2,89,83,265","24,23,37,58,849.90","4,13,675"
"15-Oct-2020","EQ","899.95","903.70","833.45","890.45","863.45","860.00","864.00","1,170.00","375.25","1,56,48,849","13,52,06,50,712.00","2,33,161"
"14-Oct-2020","EQ","904.00","910.70","882.00","900.40","887.00","890.45","893.40","1,170.00","375.25","1,54,41,223","13,79,52,33,299.15","1,91,846"
"13-Oct-2020","EQ","866.30","906.60","863.30","865.80","900.90","900.40","892.77","1,170.00","375.25","1,89,48,688","16,91,68,14,839.50","2,30,425"
"12-Oct-2020","EQ","860.80","871.95","857.15","855.75","866.20","865.80","864.97","1,170.00","375.25","87,17,565","7,54,04,51,283.15","1,17,629"
"09-Oct-2020","EQ","852.90","862.50","849.30","849.55","857.00","855.75","856.14","1,170.00","375.25","72,86,954","6,23,86,55,498.20","1,16,290"
"08-Oct-2020","EQ","857.50","879.00","844.50","828.05","849.50","849.55","862.06","1,170.00","375.25","2,58,60,578","22,29,32,63,288.10","3,47,607"
"07-Oct-2020","EQ","830.00","830.60","823.00","829.15","829.90","828.05","826.72","1,170.00","375.25","69,80,002","5,77,05,34,151.20","1,18,532"
"06-Oct-2020","EQ","830.00","834.50","822.70","824.20","828.00","829.15","828.17","1,170.00","375.25","78,48,520","6,49,99,12,047.05","1,21,003"
"05-Oct-2020","EQ","828.80","839.20","815.10","812.95","823.30","824.20","826.77","1,170.00","375.25","1,18,90,211","9,83,04,83,480.50","1,74,768"
"01-Oct-2020","EQ","819.90","820.95","811.20","811.60","813.70","812.95","815.73","1,170.00","375.25","43,21,350","3,52,50,35,142.45","85,705"
"30-Sep-2020","EQ","818.00","820.50","807.10","812.75","810.00","811.60","812.95","1,170.00","375.25","94,70,277","7,69,88,57,123.65","1,73,273"
"29-Sep-2020","EQ","837.40","841.10","810.20","835.25","815.35","812.75","825.53","1,170.00","375.25","1,05,54,255","8,71,28,07,901.35","1,73,071"
"28-Sep-2020","EQ","838.40","844.75","820.80","827.70","834.00","835.25","835.22","1,170.00","375.25","1,11,46,342","9,30,96,66,828.50","1,80,648"
"25-Sep-2020","EQ","795.25","836.00","792.60","788.30","830.10","827.70","821.94","1,170.00","375.25","1,98,13,372","16,28,53,68,271.70","3,37,042"
"24-Sep-2020","EQ","811.00","811.45","784.00","814.10","788.00","788.30","797.32","1,170.00","375.25","1,05,53,632","8,41,45,80,211.60","1,65,353"
"23-Sep-2020","EQ","832.00","844.80","810.15","821.00","815.00","814.10","827.51","1,170.00","375.25","1,80,70,371","14,95,34,62,393.55","2,80,008"
"22-Sep-2020","EQ","813.95","831.50","790.55","802.60","825.80","821.00","815.42","1,170.00","375.25","2,18,82,919","17,84,37,64,685.35","3,99,486"
"21-Sep-2020","EQ","823.00","849.90","793.45","810.60","801.15","802.60","830.79","1,170.00","375.25","2,49,11,675","20,69,62,85,172.90","4,03,669"
"18-Sep-2020","EQ","808.30","824.00","804.00","808.30","810.00","810.60","814.69","1,170.00","375.25","88,47,758","7,20,82,01,598.45","1,34,982"
"17-Sep-2020","EQ","794.95","817.50","789.50","789.25","806.30","808.30","807.67","1,170.00","375.25","1,99,72,987","16,13,16,26,946.25","2,66,753"
"16-Sep-2020","EQ","790.05","796.30","779.25","792.70","788.45","789.25","788.92","1,170.00","375.25","74,71,542","5,89,44,65,481.45","1,68,914"
"15-Sep-2020","EQ","791.05","809.85","783.05","794.95","791.80","792.70","795.47","1,170.00","375.25","1,40,24,787","11,15,63,11,755.85","1,92,773"
"14-Sep-2020","EQ","745.00","825.10","744.15","721.65","793.00","794.95","783.61","1,170.00","375.25","3,23,12,531","25,32,03,77,282.45","4,15,569"
"11-Sep-2020","EQ","712.00","734.00","710.15","722.40","720.05","721.65","723.23","1,170.00","375.25","72,21,687","5,22,29,54,988.80","1,20,764"
"10-Sep-2020","EQ","728.65","728.95","713.80","721.95","720.70","722.40","720.77","1,170.00","375.25","33,66,359","2,42,63,71,004.05","67,465"
"09-Sep-2020","EQ","712.10","730.90","710.20","725.90","722.60","721.95","721.31","1,170.00","375.25","55,14,179","3,97,74,32,747.85","1,01,369"
"08-Sep-2020","EQ","708.80","738.90","703.20","708.80","721.85","725.90","727.72","1,170.00","375.25","1,15,22,742","8,38,53,41,841.85","1,86,330"
"07-Sep-2020","EQ","696.35","712.40","689.05","700.80","707.05","708.80","702.03","1,170.00","375.25","42,38,823","2,97,58,01,272.85","89,393"
"04-Sep-2020","EQ","695.15","704.50","692.05","706.75","702.00","700.80","698.83","1,170.00","375.25","33,54,844","2,34,44,80,521.35","49,600"
"03-Sep-2020","EQ","704.80","716.40","697.60","701.95","707.80","706.75","708.45","1,170.00","375.25","54,68,161","3,87,39,14,728.00","1,00,811"
"02-Sep-2020","EQ","689.90","704.80","689.10","689.60","702.70","701.95","698.09","1,170.00","375.25","40,90,511","2,85,55,45,336.95","69,906"
"01-Sep-2020","EQ","695.00","704.00","682.40","694.40","692.25","689.60","695.04","1,170.00","375.25","63,77,322","4,43,25,14,477.35","70,102"
"31-Aug-2020","EQ","705.00","725.00","686.00","706.45","688.65","694.40","704.98","1,170.00","375.25","77,87,176","5,48,97,94,792.90","1,40,233"
"28-Aug-2020","EQ","713.70","716.65","703.20","710.15","705.55","706.45","709.69","1,170.00","375.25","54,16,682","3,84,41,92,015.25","1,15,684"
"27-Aug-2020","EQ","713.55","720.00","706.50","712.80","711.90","710.15","711.92","1,170.00","375.25","39,17,059","2,78,86,14,388.35","62,402"
"26-Aug-2020","EQ","704.70","717.75","697.00","701.60","713.50","712.80","709.35","1,170.00","375.25","45,11,551","3,20,02,52,379.20","76,393"
"25-Aug-2020","EQ","705.00","711.55","694.70","705.70","701.00","701.60","700.41","1,170.00","375.25","39,82,510","2,78,93,72,797.80","61,808"
"24-Aug-2020","EQ","706.05","708.45","695.60","705.90","707.90","705.70","702.77","1,170.00","375.25","40,66,936","2,85,81,38,431.70","62,460"
"21-Aug-2020","EQ","715.00","715.00","702.70","710.10","705.60","705.90","707.21","1,170.00","375.25","41,64,686","2,94,52,97,038.05","64,644"
"20-Aug-2020","EQ","708.50","715.85","706.05","709.85","709.80","710.10","710.84","1,170.00","375.25","30,25,769","2,15,08,40,175.85","46,933"
"19-Aug-2020","EQ","713.80","714.20","705.00","714.45","711.00","709.85","709.03","1,170.00","375.25","48,58,027","3,44,44,85,075.75","69,223"
"18-Aug-2020","EQ","718.95","721.70","712.40","718.85","714.80","714.45","716.61","1,170.00","375.25","36,34,311","2,60,43,83,946.50","55,841"
"17-Aug-2020","EQ","711.10","720.80","709.25","709.10","719.00","718.85","715.87","1,170.00","375.25","33,44,102","2,39,39,26,077.30","86,749"
"14-Aug-2020","EQ","727.90","727.90","707.25","724.60","708.95","709.10","715.41","1,170.00","375.25","38,87,303","2,78,10,32,992.30","65,815"
"13-Aug-2020","EQ","717.00","729.00","713.05","717.10","718.55","724.60","723.60","1,170.00","375.25","88,50,424","6,40,41,85,126.95","1,05,881"
"12-Aug-2020","EQ","680.60","719.00","677.05","683.80","715.65","717.10","704.18","1,170.00","375.25","1,30,85,422","9,21,44,91,849.10","1,54,176"
"11-Aug-2020","EQ","694.00","700.95","681.50","692.05","684.00","683.80","690.04","1,170.00","375.25","39,56,472","2,73,01,27,036.50","55,301"
"10-Aug-2020","EQ","694.95","694.95","685.10","690.30","693.25","692.05","690.25","1,170.00","375.25","37,69,575","2,60,19,48,470.75","55,235"
"07-Aug-2020","EQ","699.90","699.90","685.00","704.90","689.90","690.30","691.26","1,170.00","375.25","73,71,589","5,09,56,82,983.85","96,981"
"06-Aug-2020","EQ","692.00","707.60","686.40","688.40","703.40","704.90","699.71","1,170.00","375.25","51,33,012","3,59,16,00,807.65","69,136"
"05-Aug-2020","EQ","692.65","702.40","681.00","692.65","689.50","688.40","691.03","1,170.00","375.25","60,52,234","4,18,22,98,931.70","92,508"
"04-Aug-2020","EQ","709.50","711.00","687.05","705.95","692.50","692.65","693.47","1,170.00","375.25","66,83,186","4,63,45,76,579.45","1,27,895"
"03-Aug-2020","EQ","709.10","718.00","700.55","705.20","707.70","705.95","707.54","1,170.00","375.25","55,46,348","3,92,42,82,897.80","1,02,748"
"31-Jul-2020","EQ","701.85","716.70","696.00","695.45","706.00","705.20","707.58","1,170.00","375.25","63,22,672","4,47,37,86,956.25","1,15,232"
"30-Jul-2020","EQ","698.00","712.55","692.65","694.40","696.00","695.45","704.44","1,170.00","375.25","79,66,921","5,61,22,23,034.45","1,38,161"
"29-Jul-2020","EQ","710.00","710.75","692.50","712.45","694.40","694.40","698.86","1,170.00","375.25","71,42,688","4,99,17,07,650.85","1,21,239"
"28-Jul-2020","EQ","702.00","716.05","695.70","701.10","711.00","712.45","706.79","1,170.00","375.25","84,69,643","5,98,62,35,040.20","1,82,016"
"27-Jul-2020","EQ","684.00","704.40","676.50","679.95","700.85","701.10","693.12","1,170.00","375.25","1,13,49,061","7,86,62,39,651.95","2,06,079"
"24-Jul-2020","EQ","641.00","684.80","640.90","652.85","683.50","679.95","665.76","1,170.00","375.25","1,23,65,729","8,23,25,73,071.10","1,60,216"
"23-Jul-2020","EQ","650.00","656.95","643.55","650.15","650.95","652.85","651.15","1,170.00","375.25","31,73,126","2,06,61,79,589.45","76,991"
"22-Jul-2020","EQ","657.00","658.00","643.10","652.35","650.65","650.15","648.94","1,170.00","375.25","38,37,969","2,49,05,98,440.35","72,222"
"21-Jul-2020","EQ","652.00","662.35","643.30","648.60","652.30","652.35","652.33","1,170.00","375.25","88,01,064","5,74,11,91,833.10","1,50,497"
"20-Jul-2020","EQ","633.00","652.00","626.85","623.15","649.40","648.60","639.34","1,170.00","375.25","1,05,43,170","6,74,06,80,411.15","1,78,170"
"17-Jul-2020","EQ","629.50","644.65","613.40","627.75","624.70","623.15","630.82","1,170.00","375.25","2,68,30,689","16,92,54,68,925.35","3,65,141"
"16-Jul-2020","EQ","630.00","652.20","607.15","615.20","634.00","627.75","631.15","1,170.00","375.25","2,07,71,278","13,10,98,03,014.05","3,04,276"
"15-Jul-2020","EQ","593.65","627.95","592.50","591.35","618.95","615.20","616.35","1,170.00","375.25","99,28,037","6,11,91,48,156.75","1,39,453"
"14-Jul-2020","EQ","604.60","613.75","588.10","602.60","590.25","591.35","602.11","1,170.00","375.25","62,12,718","3,74,07,49,506.55","1,01,537"
"13-Jul-2020","EQ","585.00","605.00","583.35","582.25","604.00","602.60","597.94","1,170.00","375.25","54,43,995","3,25,52,06,313.10","75,578"
"10-Jul-2020","EQ","588.25","588.55","579.85","588.25","582.00","582.25","583.68","1,170.00","375.25","23,76,908","1,38,73,50,540.50","57,166"
"09-Jul-2020","EQ","575.65","591.60","575.00","574.90","588.00","588.25","585.07","1,170.00","375.25","48,07,935","2,81,29,77,215.90","73,521"
"08-Jul-2020","EQ","594.75","594.75","573.00","592.05","574.45","574.90","580.07","1,170.00","375.25","46,25,061","2,68,28,49,750.60","81,989"
"07-Jul-2020","EQ","582.00","594.45","575.15","578.70","593.00","592.05","585.73","1,170.00","375.25","72,55,520","4,24,97,80,977.90","1,20,847"
"06-Jul-2020","EQ","579.15","589.00","577.25","579.15","578.55","578.70","584.08","1,170.00","375.25","32,88,423","1,92,06,85,979.35","76,889"
"03-Jul-2020","EQ","572.00","580.55","570.60","569.20","578.45","579.15","576.44","1,170.00","375.25","37,35,600","2,15,33,32,391.75","53,512"
"02-Jul-2020","EQ","555.00","572.40","552.90","551.75","570.95","569.20","564.57","1,170.00","375.25","52,43,654","2,96,04,14,869.10","1,06,497"
"01-Jul-2020","EQ","557.95","559.60","551.00","556.85","551.20","551.75","553.86","1,170.00","375.25","30,04,728","1,66,42,05,947.75","61,925"
"30-Jun-2020","EQ","558.00","560.80","553.25","553.70","557.00","556.85","556.70","1,170.00","375.25","31,10,587","1,73,16,48,263.85","1,10,486"
"29-Jun-2020","EQ","562.00","565.90","550.30","562.40","553.00","553.70","557.41","1,170.00","375.25","38,57,756","2,15,03,61,998.85","99,294"
"26-Jun-2020","EQ","550.05","573.90","545.00","550.05","562.80","562.40","562.18","1,170.00","375.25","70,34,881","3,95,48,69,425.85","1,18,617"
"25-Jun-2020","EQ","557.60","560.70","548.00","559.60","548.40","550.05","552.37","1,170.00","375.25","63,53,508","3,50,95,01,266.95","1,11,681"
"24-Jun-2020","EQ","575.00","579.80","554.40","580.25","561.00","559.60","566.23","1,170.00","375.25","53,39,903","3,02,35,91,331.40","1,11,222"
"23-Jun-2020","EQ","569.70","583.50","563.75","569.60","579.00","580.25","577.22","1,170.00","375.25","45,22,086","2,61,02,40,459.95","1,06,226"
"22-Jun-2020","EQ","575.00","576.65","565.40","569.60","569.95","569.60","571.13","1,170.00","375.25","26,66,303","1,52,28,15,747.20","65,666"
"19-Jun-2020","EQ","574.00","578.00","567.20","578.95","572.00","569.60","570.92","1,170.00","375.25","61,82,630","3,52,98,15,538.60","76,370"
"18-Jun-2020","EQ","571.20","583.80","570.10","575.85","577.90","578.95","576.20","1,170.00","375.25","19,18,329","1,10,53,49,680.50","48,659"
"17-Jun-2020","EQ","580.00","581.85","573.00","580.90","575.60","575.85","577.87","1,170.00","375.25","35,72,362","2,06,43,52,471.20","93,262"
"16-Jun-2020","EQ","585.00","593.50","578.40","578.95","579.20","580.90","585.75","1,170.00","375.25","47,28,409","2,76,96,51,588.95","92,201"
"15-Jun-2020","EQ","574.80","581.00","563.70","570.75","579.25","578.95","574.52","1,170.00","375.25","37,87,100","2,17,57,60,975.60","81,883"
"12-Jun-2020","EQ","555.20","578.70","555.20","578.05","571.00","570.75","568.02","1,170.00","375.25","66,24,056","3,76,25,82,706.00","1,18,919"
"11-Jun-2020","EQ","580.00","584.90","574.10","578.70","576.25","578.05","579.16","1,170.00","375.25","49,75,680","2,88,16,95,648.50","72,961"
"10-Jun-2020","EQ","575.00","587.50","573.60","572.85","578.00","578.70","580.68","1,170.00","375.25","64,91,758","3,76,96,45,787.40","93,652"
"09-Jun-2020","EQ","574.15","583.60","570.00","578.25","570.00","572.85","576.99","1,170.00","375.25","38,12,757","2,19,99,37,347.40","1,27,861"
"08-Jun-2020","EQ","579.15","583.50","571.05","575.95","578.00","578.25","578.51","1,170.00","375.25","37,72,143","2,18,22,08,882.35","84,820"
"05-Jun-2020","EQ","585.00","587.15","572.50","578.95","575.00","575.95","577.45","1,170.00","375.25","39,95,825","2,30,73,77,577.40","90,192"
"04-Jun-2020","EQ","565.00","583.70","559.00","562.80","580.75","578.95","570.09","1,170.00","375.25","53,15,354","3,03,02,45,420.00","1,57,648"
"03-Jun-2020","EQ","564.00","568.40","557.00","560.20","565.30","562.80","562.01","1,170.00","375.25","42,02,273","2,36,17,20,133.05","82,210"
"02-Jun-2020","EQ","559.30","567.75","550.00","559.75","562.95","560.20","560.98","1,170.00","375.25","29,30,073","1,64,37,08,343.00","72,773"
"01-Jun-2020","EQ","557.00","573.40","555.50","550.25","557.00","559.75","565.68","1,170.00","375.25","45,03,607","2,54,76,16,414.45","80,585"
"29-May-2020","EQ","540.00","555.00","536.70","542.65","552.00","550.25","548.18","1,170.00","375.25","78,53,814","4,30,53,27,791.80","1,11,025"
"28-May-2020","EQ","531.00","546.00","523.00","530.95","543.90","542.65","534.35","1,170.00","375.25","44,92,817","2,40,07,51,811.85","97,391"
"27-May-2020","EQ","529.70","533.90","516.00","524.00","527.20","530.95","524.45","1,170.00","375.25","48,28,848","2,53,24,69,094.40","85,742"
"26-May-2020","EQ","530.00","536.50","520.25","530.40","527.50","524.00","529.01","1,170.00","375.25","40,55,697","2,14,55,21,329.15","80,198"
"22-May-2020","EQ","533.65","535.00","523.00","534.85","531.45","530.40","529.42","1,170.00","375.25","64,10,485","3,39,38,40,793.15","88,894"
"21-May-2020","EQ","529.80","537.50","523.40","526.75","534.90","534.85","531.05","1,170.00","375.25","45,23,685","2,40,23,05,199.60","85,794"
"20-May-2020","EQ","515.05","528.65","515.00","518.25","526.40","526.75","524.14","1,170.00","375.25","31,38,733","1,64,51,22,999.50","69,200"
"19-May-2020","EQ","512.00","520.50","506.20","510.75","519.20","518.25","515.32","1,170.00","375.25","39,67,055","2,04,42,83,724.75","66,640"
"18-May-2020","EQ","514.70","518.65","507.50","511.25","513.00","510.75","512.45","1,170.00","375.25","51,59,670","2,64,40,92,703.00","88,086"
"15-May-2020","EQ","517.95","517.95","505.25","517.45","512.20","511.25","510.91","1,170.00","375.25","48,95,771","2,50,12,83,541.55","92,194"
"14-May-2020","EQ","519.40","527.55","514.35","528.75","515.00","517.45","522.00","1,170.00","375.25","37,41,679","1,95,31,70,071.80","80,074"
"13-May-2020","EQ","539.85","539.85","521.55","527.40","527.00","528.75","530.41","1,170.00","375.25","35,03,019","1,85,80,36,337.95","65,175"
"12-May-2020","EQ","525.45","540.00","520.00","527.55","527.30","527.40","531.14","1,170.00","375.25","64,40,027","3,42,05,66,835.55","1,23,687"
"11-May-2020","EQ","526.00","534.90","521.20","518.40","527.00","527.55","530.01","1,170.00","375.25","44,25,560","2,34,56,05,221.85","1,03,083"
"08-May-2020","EQ","520.85","522.50","502.40","511.75","519.00","518.40","515.00","1,170.00","375.25","1,01,20,968","5,21,22,61,619.15","1,61,781"
"07-May-2020","EQ","530.00","541.80","507.55","519.10","510.50","511.75","523.24","1,170.00","375.25","1,99,98,942","10,46,41,65,769.05","2,92,085"
"06-May-2020","EQ","512.20","526.70","506.20","520.40","521.00","519.10","517.81","1,170.00","375.25","69,21,536","3,58,40,16,691.65","1,44,546"
"05-May-2020","EQ","526.00","529.90","515.65","514.25","521.30","520.40","522.08","1,170.00","375.25","45,92,833","2,39,78,06,446.80","93,760"
"04-May-2020","EQ","527.50","527.50","508.20","543.55","514.90","514.25","513.96","1,170.00","375.25","70,32,553","3,61,44,82,821.40","1,43,067"
"30-Apr-2020","EQ","506.50","565.50","501.00","491.75","545.00","543.55","527.51","1,187.60","375.25","80,35,698","4,23,89,30,037.60","1,42,686"
"29-Apr-2020","EQ","474.80","501.00","470.20","471.10","495.00","491.75","481.70","1,187.60","375.25","38,49,156","1,85,41,20,925.20","74,523"
"28-Apr-2020","EQ","489.00","489.00","469.45","483.10","474.25","471.10","473.89","1,187.60","375.25","42,62,239","2,01,98,52,356.35","58,064"
"27-Apr-2020","EQ","473.10","485.70","467.25","468.10","484.00","483.10","478.49","1,187.60","375.25","29,14,600","1,39,46,16,385.75","66,778"
"24-Apr-2020","EQ","480.00","496.90","465.15","477.70","468.10","468.10","479.58","1,187.60","375.25","67,38,441","3,23,16,11,938.70","1,04,786"
"23-Apr-2020","EQ","465.00","480.75","462.40","462.40","480.00","477.70","473.72","1,187.60","375.25","30,54,988","1,44,72,12,593.15","61,297"
"22-Apr-2020","EQ","453.00","469.45","450.00","455.70","463.50","462.40","461.49","1,187.60","375.25","37,68,051","1,73,89,02,050.00","71,852"
"21-Apr-2020","EQ","458.00","464.95","447.85","470.00","455.05","455.70","455.24","1,187.60","375.25","34,05,204","1,55,01,99,472.95","60,418"
"20-Apr-2020","EQ","458.00","473.60","453.50","455.25","469.90","470.00","467.39","1,187.60","375.25","48,01,120","2,24,39,78,570.55","1,15,539"
"17-Apr-2020","EQ","470.00","475.00","453.65","459.75","457.00","455.25","460.60","1,187.60","375.25","47,06,460","2,16,78,02,342.15","1,19,829"
"16-Apr-2020","EQ","473.00","476.00","456.70","478.75","459.80","459.75","464.99","1,187.60","375.25","1,04,84,847","4,87,53,03,122.95","2,25,515"
"15-Apr-2020","EQ","470.00","482.00","462.70","458.25","481.20","478.75","473.04","1,187.60","375.25","63,33,192","2,99,58,60,466.25","1,24,242"
"13-Apr-2020","EQ","470.00","471.00","454.00","469.05","461.00","458.25","458.64","1,187.60","375.25","22,36,731","1,02,58,50,219.30","54,865"
"09-Apr-2020","EQ","480.70","481.00","462.00","463.10","470.00","469.05","469.60","1,187.60","375.25","50,69,246","2,38,05,16,357.20","85,608"
"08-Apr-2020","EQ","451.00","476.80","449.00","451.15","466.25","463.10","467.34","1,187.60","375.25","79,91,062","3,73,45,13,998.30","1,11,912"
"07-Apr-2020","EQ","425.00","457.95","425.00","405.80","456.00","451.15","443.19","1,187.60","375.25","59,72,948","2,64,71,66,163.20","1,20,075"
"03-Apr-2020","EQ","418.90","428.60","399.30","413.55","409.85","405.80","415.48","1,187.60","375.25","81,66,456","3,39,30,14,502.00","1,57,013"
"01-Apr-2020","EQ","433.00","433.20","408.20","436.40","414.65","413.55","421.79","1,187.60","375.25","81,36,746","3,43,19,93,954.75","1,12,951"
"31-Mar-2020","EQ","433.20","449.40","425.30","419.00","433.00","436.40","439.08","1,187.60","375.25","63,81,824","2,80,21,04,922.90","1,18,664"
"30-Mar-2020","EQ","410.00","438.65","410.00","430.65","424.00","419.00","426.61","1,187.60","375.25","63,25,701","2,69,85,81,018.65","1,14,637"
"27-Mar-2020","EQ","450.25","457.45","420.50","447.70","434.00","430.65","431.25","1,187.60","375.25","91,51,132","3,94,64,09,120.55","1,45,850"
"26-Mar-2020","EQ","461.10","466.75","441.10","457.60","445.70","447.70","451.39","1,187.60","375.25","95,04,717","4,29,02,99,456.10","1,13,214"
"25-Mar-2020","EQ","432.00","468.00","417.75","442.05","436.00","457.60","445.12","1,187.60","375.25","1,19,76,272","5,33,08,64,585.65","1,09,934"
"24-Mar-2020","EQ","413.00","458.85","411.85","417.15","449.00","442.05","442.27","1,187.60","375.25","99,15,954","4,38,55,60,836.55","1,42,298"
"23-Mar-2020","EQ","415.00","444.00","400.45","444.90","425.00","417.15","415.77","1,187.60","375.25","95,25,670","3,96,04,73,954.45","1,11,898"
"20-Mar-2020","EQ","413.50","461.95","411.85","413.45","444.70","444.90","441.91","1,187.60","375.25","1,19,16,337","5,26,59,91,518.60","1,99,014"
"19-Mar-2020","EQ","418.90","434.60","375.25","434.25","419.00","413.45","413.01","1,187.60","375.25","92,70,054","3,82,86,24,864.05","1,84,203"
"18-Mar-2020","EQ","455.00","464.80","429.05","450.65","437.00","434.25","442.39","1,187.60","395.95","49,36,460","2,18,38,60,725.15","1,23,650"
"17-Mar-2020","EQ","450.00","478.60","443.35","450.70","455.00","450.65","459.39","1,187.60","395.95","51,48,569","2,36,52,23,532.45","99,381"
"16-Mar-2020","EQ","469.00","479.80","446.85","492.90","453.25","450.70","464.14","1,187.60","395.95","52,81,596","2,45,14,13,146.30","1,26,930"
"13-Mar-2020","EQ","460.00","517.25","395.95","493.35","497.00","492.90","479.71","1,187.60","395.95","68,59,998","3,29,08,07,920.40","1,17,288"
"12-Mar-2020","EQ","521.00","527.80","486.35","536.80","494.00","493.35","506.11","1,187.60","486.35","53,21,420","2,69,32,43,988.90","1,61,096"
"11-Mar-2020","EQ","526.75","542.65","514.00","540.45","538.05","536.80","533.80","1,187.60","514.00","48,50,036","2,58,89,47,282.40","1,05,339"
"09-Mar-2020","EQ","555.00","558.00","536.45","566.20","542.55","540.45","543.06","1,187.60","531.20","36,99,831","2,00,92,18,670.10","82,357"
"06-Mar-2020","EQ","570.00","573.95","559.55","576.40","568.00","566.20","564.49","1,187.60","531.20","32,88,548","1,85,63,39,904.15","72,399"
"05-Mar-2020","EQ","568.00","581.90","563.15","563.10","576.00","576.40","578.35","1,187.60","531.20","60,61,347","3,50,55,71,601.10","89,062"
"04-Mar-2020","EQ","569.00","575.40","561.00","565.05","562.20","563.10","566.67","1,187.60","531.20","51,75,180","2,93,26,09,654.30","1,04,336"
"04-Mar-2020","EQ","569.00","575.40","561.00","565.05","562.20","563.10","566.67","1,187.60","531.20","51,75,180","2,93,26,09,654.30","1,04,336"
"04-Mar-2020","EQ","569.00","575.40","561.00","565.05","562.20","563.10","566.67","1,187.60","531.20","51,75,180","2,93,26,09,654.30","1,04,336"
"04-Mar-2020","EQ","569.00","575.40","561.00","565.05","562.20","563.10","566.67","1,187.60","531.20","51,75,180","2,93,26,09,654.30","1,04,336"
"04-Mar-2020","EQ","569.00","575.40","561.00","565.05","562.20","563.10","566.67","1,187.60","531.20","51,75,180","2,93,26,09,654.30","1,04,336"
"04-Mar-2020","EQ","569.00","575.40","561.00","565.05","562.20","563.10","566.67","1,187.60","531.20","51,75,180","2,93,26,09,654.30","1,04,336"
"03-Mar-2020","EQ","556.00","568.75","555.00","549.70","568.20","565.05","561.76","1,187.60","531.20","46,82,284","2,63,03,02,017.20","1,31,005"
"03-Mar-2020","EQ","556.00","568.75","555.00","549.70","568.20","565.05","561.76","1,187.60","531.20","46,82,284","2,63,03,02,017.20","1,31,005"
"03-Mar-2020","EQ","556.00","568.75","555.00","549.70","568.20","565.05","561.76","1,187.60","531.20","46,82,284","2,63,03,02,017.20","1,31,005"
"03-Mar-2020","EQ","556.00","568.75","555.00","549.70","568.20","565.05","561.76","1,187.60","531.20","46,82,284","2,63,03,02,017.20","1,31,005"
"03-Mar-2020","EQ","556.00","568.75","555.00","549.70","568.20","565.05","561.76","1,187.60","531.20","46,82,284","2,63,03,02,017.20","1,31,005"
"03-Mar-2020","EQ","556.00","568.75","555.00","549.70","568.20","565.05","561.76","1,187.60","531.20","46,82,284","2,63,03,02,017.20","1,31,005"
"03-Mar-2020","EQ","556.00","568.75","555.00","549.70","568.20","565.05","561.76","1,187.60","531.20","46,82,284","2,63,03,02,017.20","1,31,005"
"02-Mar-2020","EQ","541.05","565.85","537.85","534.35","547.60","549.70","553.95","1,187.60","531.20","81,75,982","4,52,90,87,569.80","1,66,431"
"28-Feb-2020","EQ","560.00","564.00","531.20","573.05","539.00","534.35","546.95","1,187.60","531.20","78,94,806","4,31,80,41,180.30","1,61,062"
"27-Feb-2020","EQ","582.10","582.40","568.00","583.60","571.00","573.05","573.13","1,187.60","535.05","40,78,174","2,33,73,41,544.00","97,257"
"26-Feb-2020","EQ","576.90","589.05","575.50","582.45","583.25","583.60","582.92","1,187.60","535.05","54,60,070","3,18,27,72,786.15","1,00,228"
"25-Feb-2020","EQ","595.50","595.70","575.00","595.15","583.20","582.45","582.04","1,187.60","535.05","55,25,575","3,21,60,91,090.50","1,15,367"
"24-Feb-2020","EQ","608.00","609.00","591.50","608.05","592.15","595.15","602.49","1,187.60","535.05","40,70,143","2,45,22,03,952.25","1,05,019"
"20-Feb-2020","EQ","611.00","612.95","605.15","605.75","610.00","608.05","608.47","1,187.60","535.05","48,20,313","2,93,29,93,838.55","1,15,488"
"19-Feb-2020","EQ","614.45","618.25","604.00","607.05","604.45","605.75","610.10","1,187.60","535.05","37,99,862","2,31,82,82,583.10","73,152"
"19-Feb-2020","EQ","614.45","618.25","604.00","607.05","604.45","605.75","610.10","1,187.60","535.05","37,99,862","2,31,82,82,583.10","73,152"
"19-Feb-2020","EQ","614.45","618.25","604.00","607.05","604.45","605.75","610.10","1,187.60","535.05","37,99,862","2,31,82,82,583.10","73,152"
"19-Feb-2020","EQ","614.45","618.25","604.00","607.05","604.45","605.75","610.10","1,187.60","535.05","37,99,862","2,31,82,82,583.10","73,152"
"19-Feb-2020","EQ","614.45","618.25","604.00","607.05","604.45","605.75","610.10","1,187.60","535.05","37,99,862","2,31,82,82,583.10","73,152"
"19-Feb-2020","EQ","614.45","618.25","604.00","607.05","604.45","605.75","610.10","1,187.60","535.05","37,99,862","2,31,82,82,583.10","73,152"
"18-Feb-2020","EQ","613.45","615.80","605.15","613.45","609.80","607.05","608.11","1,187.60","535.05","52,37,465","3,18,49,53,678.30","71,859"
"17-Feb-2020","EQ","623.00","623.50","612.35","621.65","613.45","613.45","615.53","1,187.60","535.05","21,90,578","1,34,83,68,545.80","73,941"
"14-Feb-2020","EQ","612.45","623.25","612.25","612.45","622.15","621.65","619.82","1,187.60","535.05","36,50,630","2,26,27,31,807.85","1,01,590"
"13-Feb-2020","EQ","612.00","613.95","604.05","614.10","612.50","612.45","608.15","1,187.60","535.05","20,90,363","1,27,12,60,965.45","44,088"
"12-Feb-2020","EQ","613.00","620.50","610.30","610.65","612.20","614.10","614.82","1,187.60","535.05","48,73,027","2,99,60,58,413.80","1,08,142"
"11-Feb-2020","EQ","606.00","613.75","605.70","604.90","610.95","610.65","610.79","1,187.60","535.05","24,58,748","1,50,17,68,180.25","1,18,909"
"10-Feb-2020","EQ","608.90","611.55","601.65","607.70","603.00","604.90","605.70","1,187.60","535.05","22,86,213","1,38,47,67,003.45","34,996"
"07-Feb-2020","EQ","601.65","609.20","599.15","599.70","605.00","607.70","605.10","1,187.60","535.05","28,65,379","1,73,38,39,280.50","57,503"
"06-Feb-2020","EQ","598.95","613.00","598.00","595.60","601.00","599.70","603.60","1,187.60","535.05","47,04,968","2,83,98,96,598.15","81,356"
"05-Feb-2020","EQ","589.40","598.50","586.00","586.50","595.00","595.60","594.34","1,187.60","535.05","30,06,324","1,78,67,63,873.75","1,09,513"
"04-Feb-2020","EQ","583.00","589.25","582.50","579.10","587.80","586.50","586.68","1,187.60","535.05","32,46,094","1,90,44,22,834.70","70,121"
"03-Feb-2020","EQ","591.40","593.65","577.50","590.90","579.85","579.10","583.95","1,187.60","535.05","40,24,193","2,34,99,21,570.35","1,05,851"
"01-Feb-2020","EQ","591.40","597.70","580.75","591.40","590.80","590.90","589.72","1,187.60","535.05","9,41,425","55,51,81,526.40","20,264"
"31-Jan-2020","EQ","607.85","608.90","589.60","607.85","591.60","591.40","595.05","1,187.60","535.05","35,90,768","2,13,66,94,876.85","1,00,805"
"30-Jan-2020","EQ","612.00","613.85","603.65","608.85","607.90","607.85","607.69","1,187.60","535.05","33,34,901","2,02,65,94,901.40","99,651"
"29-Jan-2020","EQ","605.00","611.50","602.20","601.45","608.85","608.85","608.53","1,187.60","535.05","42,81,329","2,60,52,96,082.35","81,339"
"28-Jan-2020","EQ","607.30","607.35","592.60","604.35","602.85","601.45","598.41","1,187.60","535.05","53,30,709","3,18,99,57,865.40","1,22,378"
"27-Jan-2020","EQ","607.70","608.00","601.75","607.70","605.55","604.35","605.04","1,187.60","535.05","24,50,421","1,48,25,91,558.95","34,778"
"24-Jan-2020","EQ","599.00","609.00","595.50","598.95","607.40","607.70","605.57","1,187.60","535.05","35,51,260","2,15,05,53,376.75","79,737"
"23-Jan-2020","EQ","590.10","599.95","587.00","590.65","598.00","598.95","596.55","1,187.60","535.05","60,89,397","3,63,26,09,992.95","97,913"
"22-Jan-2020","EQ","585.20","595.00","581.50","584.05","590.20","590.65","591.32","1,187.60","535.05","44,02,650","2,60,33,83,754.65","1,11,318"
"21-Jan-2020","EQ","589.30","593.25","582.35","589.25","582.75","584.05","587.79","1,187.60","535.05","26,40,668","1,55,21,59,511.65","74,242"
"20-Jan-2020","EQ","618.00","618.00","584.10","598.80","588.95","589.25","594.82","1,187.60","535.05","1,02,72,118","6,11,00,77,607.60","1,24,801"
"17-Jan-2020","EQ","585.00","602.00","585.00","593.25","600.50","598.80","594.66","1,187.60","535.05","45,55,694","2,70,91,00,492.25","69,220"
"16-Jan-2020","EQ","597.00","598.30","586.75","595.75","594.65","593.25","593.17","1,187.60","535.05","21,07,442","1,25,00,64,106.35","58,134"
"15-Jan-2020","EQ","597.00","598.30","591.70","594.30","595.00","595.75","594.99","1,187.60","535.05","23,48,102","1,39,71,01,271.60","47,737"
"14-Jan-2020","EQ","587.20","597.40","587.15","586.50","594.00","594.30","592.35","1,187.60","535.05","33,95,378","2,01,12,60,219.45","1,00,342"
"13-Jan-2020","EQ","583.95","590.00","581.00","580.35","587.00","586.50","584.94","1,187.60","535.05","40,96,054","2,39,59,26,901.90","88,858"
"10-Jan-2020","EQ","582.00","589.80","577.40","580.30","580.40","580.35","583.18","1,187.60","535.05","20,49,636","1,19,53,16,777.85","77,150"
"09-Jan-2020","EQ","586.00","588.15","579.25","585.75","580.95","580.30","581.99","1,187.60","535.05","23,13,648","1,34,65,25,671.95","55,170"
"08-Jan-2020","EQ","583.00","593.00","578.00","584.25","585.00","585.75","587.17","1,187.60","535.05","35,93,096","2,10,97,68,987.90","1,00,124"
"07-Jan-2020","EQ","582.00","587.75","579.05","582.00","583.90","584.25","584.46","1,187.60","535.05","31,79,728","1,85,84,21,839.65","90,166"
"06-Jan-2020","EQ","585.00","592.20","579.45","585.05","581.90","582.00","584.22","1,187.60","535.05","35,89,985","2,09,73,34,940.20","60,726"
"03-Jan-2020","EQ","574.00","588.50","572.85","573.55","582.00","585.05","584.14","1,187.60","535.05","32,69,446","1,90,98,26,833.00","77,707"
"02-Jan-2020","EQ","572.55","575.00","570.50","571.95","574.00","573.55","573.24","1,187.60","535.05","10,75,642","61,66,04,442.20","52,734"
"01-Jan-2020","EQ","569.40","572.90","566.85","568.10","571.10","571.95","570.49","1,187.60","535.05","9,18,373","52,39,18,302.05","17,539"